comment,law_section,stakeholder_type,location,submitted_at
"I strongly support this new policy as it will improve transparency in government operations. This is exactly what we need to restore public trust.",Section 3.1,Individual,Mumbai,2025-01-15 10:30:00
"The proposed changes are concerning and may have unintended consequences. I suggest more consultation before implementation.",Section 2.4,NGO,Delhi,2025-01-15 14:45:00
"This legislation is excellent and addresses key issues we've been facing. I appreciate the government's effort to tackle corruption.",Section 1.2,Organization,Bangalore,2025-01-16 09:15:00
"I have mixed feelings about this proposal. While some aspects are good others need more work especially the enforcement mechanisms.",Section 3.1,Expert,Chennai,2025-01-16 16:20:00
"Absolutely disagree with this approach. It will create more bureaucracy and slow down processes that are already inefficient.",Section 2.4,Individual,Kolkata,2025-01-17 11:00:00
"Great initiative! This will definitely help small businesses and entrepreneurs. Looking forward to the implementation.",Section 4.1,Business Association,Hyderabad,2025-01-17 13:30:00
"The draft needs significant amendments. Current form may violate constitutional principles and individual rights.",Section 1.2,Legal Expert,Pune,2025-01-18 08:45:00
"Fully support this bill. It's about time we had proper regulations in this area. The benefits clearly outweigh any concerns.",Section 4.1,Individual,Ahmedabad,2025-01-18 15:10:00
"This policy lacks clarity and specificity. How exactly will it be implemented? More details are needed before approval.",Section 3.1,Academic,Jaipur,2025-01-19 10:20:00
"I'm neutral on this matter but appreciate the opportunity to provide feedback. The consultation process itself is commendable.",Section 1.2,Individual,Lucknow,2025-01-19 12:45:00